"id","county","county_code","subcounty","subcounty_code","ward","ward_code","dice_name","dice_code","dice_simple_name","dice_phone"
"1","Admin","Admin","Admin","ADMIN","Admin","ADMIN","All","Admin","admin",
"2","THARAKA-NITHI ","13","IGAMBANG'OMBE ","61","IGAMBANG'OMBE ","305","HWWK CHUKA DICE","1","chuka","254799870906"
"3","THARAKA-NITHI ","13","CHUKA","61","KARINGANI ","302","HWWK CHUKA DICE","1","chuka","254799870906"
"4","THARAKA-NITHI ","13","CHUKA","61","MAGUMONI ","303","HWWK CHUKA DICE","1","chuka","254799870906"
"5","THARAKA-NITHI ","13","CHUKA","61","MARIANI ","301","HWWK CHUKA DICE","1","chuka","254799870906"
"6","THARAKA-NITHI ","13","CHUKA","61","MUGWE ","304","HWWK CHUKA DICE","1","chuka","254799870906"
"7","THARAKA-NITHI ","13","MWIMBI","60","CHOGORIA ","300","HWWK CHUKA DICE","1","chuka","254799870906"
"8","THARAKA-NITHI ","13","MWIMBI","60","GANGA ","299","HWWK CHUKA DICE","1","chuka","254799870906"
"9","THARAKA-NITHI ","13","MUTHAMBI","60","MITHERU ","296","HWWK CHUKA DICE","1","chuka","254799870906"
"10","THARAKA-NITHI ","13","MUTHAMBI","60","MUTHAMBI ","297","HWWK CHUKA DICE","1","chuka","254799870906"
"11","THARAKA-NITHI ","13","MWIMBI","60","MWIMBI ","298","HWWK CHUKA DICE","1","chuka","254799870906"
"12","THARAKA-NITHI ","13","THARAKA-SOUTH","62","CHIAKARIGA ","309","HWWK CHUKA DICE","1","chuka","254799870906"
"13","THARAKA-NITHI ","13","THARAKA-NORTH","62","GATUNGA ","306","HWWK CHUKA DICE","1","chuka","254799870906"
"14","THARAKA-NITHI ","13","THARAKA-SOUTH","62","MARIMANTI ","310","HWWK CHUKA DICE","1","chuka","254799870906"
"15","THARAKA-NITHI ","13","THARAKA-NORTH","62","MUKOTHIMA ","307","HWWK CHUKA DICE","1","chuka","254799870906"
"16","THARAKA-NITHI ","13","THARAKA-NORTH","62","NKONDI ","308","HWWK CHUKA DICE","1","chuka","254799870906"
"17","EMBU ","14","MANYATTA ","63","GATURI SOUTH ","316","HWWK EMBU DICE","2","embu","254799870904"
"18","EMBU ","14","MANYATTA ","63","KIRIMARI ","315","HWWK EMBU DICE","2","embu","254799870904"
"19","EMBU ","14","MANYATTA ","63","KITHIMU ","312","HWWK EMBU DICE","2","embu","254799870904"
"20","EMBU ","14","MANYATTA ","63","MBETI NORTH ","314","HWWK EMBU DICE","2","embu","254799870904"
"21","EMBU ","14","MANYATTA ","63","NGINDA ","313","HWWK EMBU DICE","2","embu","254799870904"
"22","EMBU ","14","MANYATTA ","63","RUGURU/NGANDORI ","311","HWWK EMBU DICE","2","embu","254799870904"
"23","EMBU ","14","MBEERE NORTH ","66","EVURORE ","330","HWWK EMBU DICE","2","embu","254799870904"
"24","EMBU ","14","MBEERE NORTH ","66","MUMINJI ","329","HWWK EMBU DICE","2","embu","254799870904"
"25","EMBU ","14","MBEERE NORTH ","66","NTHAWA ","328","HWWK EMBU DICE","2","embu","254799870904"
"26","EMBU ","14","MBEERE SOUTH ","65","KIAMBERE ","327","HWWK EMBU DICE","2","embu","254799870904"
"27","EMBU ","14","MBEERE SOUTH ","65","MAKIMA ","324","HWWK EMBU DICE","2","embu","254799870904"
"28","EMBU ","14","MBEERE SOUTH ","65","MAVURIA ","326","HWWK EMBU DICE","2","embu","254799870904"
"29","EMBU ","14","MBEERE SOUTH ","65","MBETI SOUTH ","325","HWWK EMBU DICE","2","embu","254799870904"
"30","EMBU ","14","MBEERE SOUTH ","65","MWEA ","323","HWWK EMBU DICE","2","embu","254799870904"
"31","EMBU ","14","RUNYENJES ","64","CENTRAL  WARD ","319","HWWK EMBU DICE","2","embu","254799870904"
"32","EMBU ","14","MANYATTA ","63","GATURI NORTH ","317","HWWK EMBU DICE","2","embu","254799870904"
"33","EMBU ","14","RUNYENJES ","64","KAGAARI NORTH ","320","HWWK EMBU DICE","2","embu","254799870904"
"34","EMBU ","14","RUNYENJES ","64","KAGAARI SOUTH ","318","HWWK EMBU DICE","2","embu","254799870904"
"35","EMBU ","14","RUNYENJES ","64","KYENI NORTH ","321","HWWK EMBU DICE","2","embu","254799870904"
"36","EMBU ","14","RUNYENJES ","64","KYENI SOUTH ","322","HWWK EMBU DICE","2","embu","254799870904"
"37","NAKURU ","32","GILGIL ","169","ELEMENTAITA ","845","HWWK GILGIL WELLNESS CENTER","3","gilgil","254757465088"
"38","NAKURU ","32","GILGIL ","169","GILGIL ","844","HWWK GILGIL WELLNESS CENTER","3","gilgil","254757465088"
"39","NAKURU ","32","GILGIL ","169","MALEWA WEST ","847","HWWK GILGIL WELLNESS CENTER","3","gilgil","254757465088"
"40","NAKURU ","32","GILGIL ","169","MBARUK/EBURU ","846","HWWK GILGIL WELLNESS CENTER","3","gilgil","254757465088"
"41","NAKURU ","32","GILGIL ","169","MURINDATI ","848","HWWK GILGIL WELLNESS CENTER","3","gilgil","254757465088"
"42","MAKUENI ","17","KAITI ","85","ILIMA ","423","HWWK MAKINDU DICE","4","makindu",
"43","MAKUENI ","17","KAITI ","85","KEE ","421","HWWK MAKINDU DICE","4","makindu",
"44","MAKUENI ","17","KAITI ","85","KILUNGU ","422","HWWK MAKINDU DICE","4","makindu",
"45","MAKUENI ","17","KAITI ","85","UKIA ","420","HWWK MAKINDU DICE","4","makindu",
"46","MAKUENI ","17","KIBWEZI EAST ","88","IVINGONI/NZAMBANI ","440","HWWK MAKINDU DICE","4","makindu",
"47","MAKUENI ","17","KIBWEZI EAST ","88","MASONGALENI ","437","HWWK MAKINDU DICE","4","makindu",
"48","MAKUENI ","17","KIBWEZI EAST ","88","MTITO ANDEI ","438","HWWK MAKINDU DICE","4","makindu",
"49","MAKUENI ","17","KIBWEZI EAST ","88","THANGE ","439","HWWK MAKINDU DICE","4","makindu",
"50","MAKUENI ","17","KIBWEZI WEST ","87","EMALI/MULALA ","436","HWWK MAKINDU DICE","4","makindu",
"51","MAKUENI ","17","KIBWEZI WEST ","87","KIKUMBULYU NORTH ","433","HWWK MAKINDU DICE","4","makindu",
"52","MAKUENI ","17","KIBWEZI WEST ","87","KIKUMBULYU SOUTH ","434","HWWK MAKINDU DICE","4","makindu",
"53","MAKUENI ","17","KIBWEZI WEST ","87","MAKINDU ","431","HWWK MAKINDU DICE","4","makindu",
"54","MAKUENI ","17","KIBWEZI WEST ","87","NGUU/MASUMBA ","435","HWWK MAKINDU DICE","4","makindu",
"55","MAKUENI ","17","KIBWEZI WEST ","87","NGUUMO ","432","HWWK MAKINDU DICE","4","makindu",
"56","MAKUENI ","17","KILOME ","84","KASIKEU ","417","HWWK MAKINDU DICE","4","makindu",
"57","MAKUENI ","17","KILOME ","84","KIIMA KIU/KALANZONI ","419","HWWK MAKINDU DICE","4","makindu",
"58","MAKUENI ","17","KILOME ","84","MUKAA ","418","HWWK MAKINDU DICE","4","makindu",
"59","MAKUENI ","17","MAKUENI ","86","KATHONZWENI ","428","HWWK MAKINDU DICE","4","makindu",
"60","MAKUENI ","17","MAKUENI ","86","KITISE/KITHUKI ","427","HWWK MAKINDU DICE","4","makindu",
"61","MAKUENI ","17","MAKUENI ","86","MAVINDINI ","426","HWWK MAKINDU DICE","4","makindu",
"62","MAKUENI ","17","MAKUENI ","86","MBITINI ","430","HWWK MAKINDU DICE","4","makindu",
"63","MAKUENI ","17","MAKUENI ","86","MUVAU/KIKUUMINI ","425","HWWK MAKINDU DICE","4","makindu",
"64","MAKUENI ","17","MAKUENI ","86","NZAUI/KILILI/KALAMBA ","429","HWWK MAKINDU DICE","4","makindu",
"65","MAKUENI ","17","MAKUENI ","86","WOTE ","424","HWWK MAKINDU DICE","4","makindu",
"66","MAKUENI ","17","MBOONI ","83","KALAWA ","416","HWWK MAKINDU DICE","4","makindu",
"67","MAKUENI ","17","MBOONI ","83","KITETA/KISAU ","414","HWWK MAKINDU DICE","4","makindu",
"68","MAKUENI ","17","MBOONI ","83","KITHUNGO/KITUNDU ","413","HWWK MAKINDU DICE","4","makindu",
"69","MAKUENI ","17","MBOONI ","83","MBOONI ","412","HWWK MAKINDU DICE","4","makindu",
"70","MAKUENI ","17","MBOONI ","83","TULIMANI ","411","HWWK MAKINDU DICE","4","makindu",
"71","MAKUENI ","17","MBOONI ","83","WAIA-KAKO ","415","HWWK MAKINDU DICE","4","makindu",
"72","MAUA","12","BUURI ","57","KIBIRICHIA ","289","HWWK MAUA DICE","19","maua",
"73","MAUA","12","BUURI ","57","KIIRUA/NAARI ","283","HWWK MAUA DICE","19","maua",
"74","MAUA","12","BUURI ","57","KISIMA ","282","HWWK MAUA DICE","19","maua",
"75","MAUA","12","BUURI ","57","RUIRI/RWARERA ","284","HWWK MAUA DICE","19","maua",
"76","MAUA","12","BUURI ","57","TIMAU ","281","HWWK MAUA DICE","19","maua",
"77","MAUA","12","CENTRAL IMENTI ","58","ABOTHUGUCHI CENTRAL ","286","HWWK MAUA DICE","19","maua",
"78","MAUA","12","CENTRAL IMENTI ","58","ABOTHUGUCHI WEST ","288","HWWK MAUA DICE","19","maua",
"79","MAUA","12","BUURI ","57","KIAGU ","289","HWWK MAUA DICE","19","maua",
"80","MAUA","12","CENTRAL IMENTI ","58","MWANGANTHIA ","285","HWWK MAUA DICE","19","maua",
"81","MAUA","12","IGEMBE CENTRAL ","52","AKIRANG'ONDU ","256","HWWK MAUA DICE","19","maua",
"82","MAUA","12","IGEMBE CENTRAL ","52","ATHIRU RUUJINE ","257","HWWK MAUA DICE","19","maua",
"83","MAUA","12","IGEMBE CENTRAL ","52","IGEMBE EAST ","258","HWWK MAUA DICE","19","maua",
"84","MAUA","12","IGEMBE CENTRAL ","52","KANGETA ","260","HWWK MAUA DICE","19","maua",
"85","MAUA","12","IGEMBE CENTRAL ","52","NJIA ","259","HWWK MAUA DICE","19","maua",
"86","MAUA","12","IGEMBE NORTH ","53","AMWATHI ","265","HWWK MAUA DICE","19","maua",
"87","MAUA","12","IGEMBE NORTH ","53","ANTUAMBUI ","261","HWWK MAUA DICE","19","maua",
"88","MAUA","12","IGEMBE NORTH ","53","ANTUBETWE KIONGO ","263","HWWK MAUA DICE","19","maua",
"89","MAUA","12","IGEMBE NORTH ","53","NAATHU ","264","HWWK MAUA DICE","19","maua",
"90","MAUA","12","IGEMBE NORTH ","53","NTUNENE ","262","HWWK MAUA DICE","19","maua",
"91","MAUA","12","IGEMBE SOUTH ","51","AKACHIU ","254","HWWK MAUA DICE","19","maua",
"92","MAUA","12","IGEMBE SOUTH ","51","ATHIRU GAITI ","253","HWWK MAUA DICE","19","maua",
"93","MAUA","12","IGEMBE SOUTH ","51","KANUNI ","255","HWWK MAUA DICE","19","maua",
"94","MAUA","12","IGEMBE SOUTH ","51","KIEGOI/ANTUBOCHIU ","252","HWWK MAUA DICE","19","maua",
"95","MAUA","12","IGEMBE SOUTH ","51","MAUA ","251","HWWK MAUA DICE","19","maua",
"96","MAUA","12","NORTH IMENTI ","56","MUNICIPALITY ","276","HWWK MAUA DICE","19","maua",
"97","MAUA","12","NORTH IMENTI ","56","NTIMA EAST ","277","HWWK MAUA DICE","19","maua",
"98","MAUA","12","NORTH IMENTI ","56","NTIMA WEST ","278","HWWK MAUA DICE","19","maua",
"99","MAUA","12","NORTH IMENTI ","56","NYAKI EAST ","280","HWWK MAUA DICE","19","maua",
"100","MAUA","12","NORTH IMENTI ","56","NYAKI WEST ","279","HWWK MAUA DICE","19","maua",
"101","MAUA","12","SOUTH IMENTI ","59","ABOGETA EAST ","293","HWWK MAUA DICE","19","maua",
"102","MAUA","12","SOUTH IMENTI ","59","ABOGETA WEST ","294","HWWK MAUA DICE","19","maua",
"103","MAUA","12","SOUTH IMENTI ","59","IGOJI EAST ","291","HWWK MAUA DICE","19","maua",
"104","MAUA","12","SOUTH IMENTI ","59","IGOJI WEST ","292","HWWK MAUA DICE","19","maua",
"105","MAUA","12","SOUTH IMENTI ","59","MITUNGUU ","290","HWWK MAUA DICE","19","maua",
"106","MAUA","12","SOUTH IMENTI ","59","NKUENE ","295","HWWK MAUA DICE","19","maua",
"107","MAUA","12","TIGANIA EAST ","55","KARAMA ","275","HWWK MAUA DICE","19","maua",
"108","MAUA","12","TIGANIA EAST ","55","KIGUCHWA ","273","HWWK MAUA DICE","19","maua",
"109","MAUA","12","TIGANIA EAST ","55","MIKINDURI ","272","HWWK MAUA DICE","19","maua",
"110","MAUA","12","TIGANIA EAST ","55","MUTHARA ","274","HWWK MAUA DICE","19","maua",
"111","MAUA","12","TIGANIA EAST ","55","THANGATHA ","271","HWWK MAUA DICE","19","maua",
"112","MAUA","12","TIGANIA WEST ","54","AKITHII ","267","HWWK MAUA DICE","19","maua",
"113","MAUA","12","TIGANIA WEST ","54","ATHWANA ","266","HWWK MAUA DICE","19","maua",
"114","MAUA","12","TIGANIA WEST ","54","KIANJAI ","268","HWWK MAUA DICE","19","maua",
"115","MAUA","12","TIGANIA WEST ","54","MBEU ","270","HWWK MAUA DICE","19","maua",
"116","MAUA","12","TIGANIA WEST ","54","NKOMO ","269","HWWK MAUA DICE","19","maua",
"117","MERU ","12","BUURI ","57","KIBIRICHIA ","289","HWWK MERU DICE","5","meru",
"118","MERU ","12","BUURI ","57","KIIRUA/NAARI ","283","HWWK MERU DICE","5","meru",
"119","MERU ","12","BUURI ","57","KISIMA ","282","HWWK MERU DICE","5","meru",
"120","MERU ","12","BUURI ","57","RUIRI/RWARERA ","284","HWWK MERU DICE","5","meru",
"121","MERU ","12","BUURI ","57","TIMAU ","281","HWWK MERU DICE","5","meru",
"122","MERU ","12","CENTRAL IMENTI ","58","ABOTHUGUCHI CENTRAL ","286","HWWK MERU DICE","5","meru",
"123","MERU ","12","CENTRAL IMENTI ","58","ABOTHUGUCHI WEST ","288","HWWK MERU DICE","5","meru",
"124","MERU ","12","BUURI ","57","KIAGU ","289","HWWK MERU DICE","5","meru",
"125","MERU ","12","CENTRAL IMENTI ","58","MWANGANTHIA ","285","HWWK MERU DICE","5","meru",
"126","MERU ","12","IGEMBE CENTRAL ","52","AKIRANG'ONDU ","256","HWWK MERU DICE","5","meru",
"127","MERU ","12","IGEMBE CENTRAL ","52","ATHIRU RUUJINE ","257","HWWK MERU DICE","5","meru",
"128","MERU ","12","IGEMBE CENTRAL ","52","IGEMBE EAST ","258","HWWK MERU DICE","5","meru",
"129","MERU ","12","IGEMBE CENTRAL ","52","KANGETA ","260","HWWK MERU DICE","5","meru",
"130","MERU ","12","IGEMBE CENTRAL ","52","NJIA ","259","HWWK MERU DICE","5","meru",
"131","MERU ","12","IGEMBE NORTH ","53","AMWATHI ","265","HWWK MERU DICE","5","meru",
"132","MERU ","12","IGEMBE NORTH ","53","ANTUAMBUI ","261","HWWK MERU DICE","5","meru",
"133","MERU ","12","IGEMBE NORTH ","53","ANTUBETWE KIONGO ","263","HWWK MERU DICE","5","meru",
"134","MERU ","12","IGEMBE NORTH ","53","NAATHU ","264","HWWK MERU DICE","5","meru",
"135","MERU ","12","IGEMBE NORTH ","53","NTUNENE ","262","HWWK MERU DICE","5","meru",
"136","MERU ","12","IGEMBE SOUTH ","51","AKACHIU ","254","HWWK MERU DICE","5","meru",
"137","MERU ","12","IGEMBE SOUTH ","51","ATHIRU GAITI ","253","HWWK MERU DICE","5","meru",
"138","MERU ","12","IGEMBE SOUTH ","51","KANUNI ","255","HWWK MERU DICE","5","meru",
"139","MERU ","12","IGEMBE SOUTH ","51","KIEGOI/ANTUBOCHIU ","252","HWWK MERU DICE","5","meru",
"140","MERU ","12","IGEMBE SOUTH ","51","MAUA ","251","HWWK MERU DICE","5","meru",
"141","MERU ","12","NORTH IMENTI ","56","MUNICIPALITY ","276","HWWK MERU DICE","5","meru",
"142","MERU ","12","NORTH IMENTI ","56","NTIMA EAST ","277","HWWK MERU DICE","5","meru",
"143","MERU ","12","NORTH IMENTI ","56","NTIMA WEST ","278","HWWK MERU DICE","5","meru",
"144","MERU ","12","NORTH IMENTI ","56","NYAKI EAST ","280","HWWK MERU DICE","5","meru",
"145","MERU ","12","NORTH IMENTI ","56","NYAKI WEST ","279","HWWK MERU DICE","5","meru",
"146","MERU ","12","SOUTH IMENTI ","59","ABOGETA EAST ","293","HWWK MERU DICE","5","meru",
"147","MERU ","12","SOUTH IMENTI ","59","ABOGETA WEST ","294","HWWK MERU DICE","5","meru",
"148","MERU ","12","SOUTH IMENTI ","59","IGOJI EAST ","291","HWWK MERU DICE","5","meru",
"149","MERU ","12","SOUTH IMENTI ","59","IGOJI WEST ","292","HWWK MERU DICE","5","meru",
"150","MERU ","12","SOUTH IMENTI ","59","MITUNGUU ","290","HWWK MERU DICE","5","meru",
"151","MERU ","12","SOUTH IMENTI ","59","NKUENE ","295","HWWK MERU DICE","5","meru",
"152","MERU ","12","TIGANIA EAST ","55","KARAMA ","275","HWWK MERU DICE","5","meru",
"153","MERU ","12","TIGANIA EAST ","55","KIGUCHWA ","273","HWWK MERU DICE","5","meru",
"154","MERU ","12","TIGANIA EAST ","55","MIKINDURI ","272","HWWK MERU DICE","5","meru",
"155","MERU ","12","TIGANIA EAST ","55","MUTHARA ","274","HWWK MERU DICE","5","meru",
"156","MERU ","12","TIGANIA EAST ","55","THANGATHA ","271","HWWK MERU DICE","5","meru",
"157","MERU ","12","TIGANIA WEST ","54","AKITHII ","267","HWWK MERU DICE","5","meru",
"158","MERU ","12","TIGANIA WEST ","54","ATHWANA ","266","HWWK MERU DICE","5","meru",
"159","MERU ","12","TIGANIA WEST ","54","KIANJAI ","268","HWWK MERU DICE","5","meru",
"160","MERU ","12","TIGANIA WEST ","54","MBEU ","270","HWWK MERU DICE","5","meru",
"161","MERU ","12","TIGANIA WEST ","54","NKOMO ","269","HWWK MERU DICE","5","meru",
"162","MOMBASA ","1","KISAUNI ","3","BAMBURI ","11","HWWK MOMBASA DICE","6","mombasa",
"163","MOMBASA ","1","KISAUNI ","3","JUNDA ","10","HWWK MOMBASA DICE","6","mombasa",
"164","MOMBASA ","1","KISAUNI ","3","MAGOGONI ","14","HWWK MOMBASA DICE","6","mombasa",
"165","MOMBASA ","1","KISAUNI ","3","MJAMBERE ","9","HWWK MOMBASA DICE","6","mombasa",
"166","MOMBASA ","1","KISAUNI ","3","MTOPANGA ","13","HWWK MOMBASA DICE","6","mombasa",
"167","MOMBASA ","1","KISAUNI ","3","MWAKIRUNGE ","12","HWWK MOMBASA DICE","6","mombasa",
"168","MOMBASA ","1","KISAUNI ","3","SHANZU ","15","HWWK MOMBASA DICE","6","mombasa",
"169","MOMBASA ","1","LIKONI ","5","BOFU ","23","HWWK MOMBASA DICE","6","mombasa",
"170","MOMBASA ","1","LIKONI ","5","LIKONI ","24","HWWK MOMBASA DICE","6","mombasa",
"171","MOMBASA ","1","LIKONI ","5","MTONGWE ","21","HWWK MOMBASA DICE","6","mombasa",
"172","MOMBASA ","1","LIKONI ","5","SHIKA ADABU ","22","HWWK MOMBASA DICE","6","mombasa",
"173","MOMBASA ","1","LIKONI ","5","TIMBWANI ","25","HWWK MOMBASA DICE","6","mombasa",
"174","MOMBASA ","1","MVITA ","6","MAJENGO ","30","HWWK MOMBASA DICE","6","mombasa",
"175","MOMBASA ","1","MVITA ","6","MJI WA KALE/MAKADARA ","26","HWWK MOMBASA DICE","6","mombasa",
"176","MOMBASA ","1","MVITA ","6","SHIMANZI/GANJONI ","29","HWWK MOMBASA DICE","6","mombasa",
"177","MOMBASA ","1","MVITA ","6","TONONOKA ","28","HWWK MOMBASA DICE","6","mombasa",
"178","MOMBASA ","1","MVITA ","6","TUDOR ","27","HWWK MOMBASA DICE","6","mombasa",
"179","MOMBASA ","1","NYALI ","4","FRERE TOWN ","16","HWWK MOMBASA DICE","6","mombasa",
"180","MOMBASA ","1","NYALI ","4","KADZANDANI ","20","HWWK MOMBASA DICE","6","mombasa",
"181","MOMBASA ","1","NYALI ","4","KONGOWEA ","19","HWWK MOMBASA DICE","6","mombasa",
"182","MOMBASA ","1","NYALI ","4","MKOMANI ","18","HWWK MOMBASA DICE","6","mombasa",
"183","MOMBASA ","1","NYALI ","4","ZIWA LA NG'OMBE ","17","HWWK MOMBASA DICE","6","mombasa",
"184","MURANGA ","21","GATANGA ","110","GATANGA ","549","HWWK MURANGA DICE","7","muranga",
"185","MURANGA ","21","GATANGA ","110","ITHANGA ","545","HWWK MURANGA DICE","7","muranga",
"186","MURANGA ","21","GATANGA ","110","KAKUZI/MITUBIRI ","546","HWWK MURANGA DICE","7","muranga",
"187","MURANGA ","21","GATANGA ","110","KARIARA ","550","HWWK MURANGA DICE","7","muranga",
"188","MURANGA ","21","GATANGA ","110","KIHUMBU-INI ","548","HWWK MURANGA DICE","7","muranga",
"189","MURANGA ","21","GATANGA ","110","MUGUMO-INI ","547","HWWK MURANGA DICE","7","muranga",
"190","MURANGA ","21","KANDARA ","109","GAICHANJIRU ","542","HWWK MURANGA DICE","7","muranga",
"191","MURANGA ","21","KANDARA ","109","ITHIRU ","543","HWWK MURANGA DICE","7","muranga",
"192","MURANGA ","21","KANDARA ","109","KAGUNDU-INI ","541","HWWK MURANGA DICE","7","muranga",
"193","MURANGA ","21","KANDARA ","109","MURUKA ","540","HWWK MURANGA DICE","7","muranga",
"194","MURANGA ","21","KANDARA ","109","NG'ARARIA ","539","HWWK MURANGA DICE","7","muranga",
"195","MURANGA ","21","KANDARA ","109","RUCHU ","544","HWWK MURANGA DICE","7","muranga",
"196","MURANGA ","21","KANGEMA ","104","KANYENYA-INI ","516","HWWK MURANGA DICE","7","muranga",
"197","MURANGA ","21","KANGEMA ","104","MUGURU ","517","HWWK MURANGA DICE","7","muranga",
"198","MURANGA ","21","KANGEMA ","104","RWATHIA ","518","HWWK MURANGA DICE","7","muranga",
"199","MURANGA ","21","KIGUMO ","107","KAHUMBU ","528","HWWK MURANGA DICE","7","muranga",
"200","MURANGA ","21","KIGUMO ","107","KANGARI ","531","HWWK MURANGA DICE","7","muranga",
"201","MURANGA ","21","KIGUMO ","107","KIGUMO ","530","HWWK MURANGA DICE","7","muranga",
"202","MURANGA ","21","KIGUMO ","107","KINYONA ","532","HWWK MURANGA DICE","7","muranga",
"203","MURANGA ","21","KIGUMO ","107","MUTHITHI ","529","HWWK MURANGA DICE","7","muranga",
"204","MURANGA ","21","KIHARU ","106","GATURI ","527","HWWK MURANGA DICE","7","muranga",
"205","MURANGA ","21","KIHARU ","106","MBIRI ","524","HWWK MURANGA DICE","7","muranga",
"206","MURANGA ","21","KIHARU ","106","MUGOIRI ","523","HWWK MURANGA DICE","7","muranga",
"207","MURANGA ","21","KIHARU ","106","MURARANDIA ","526","HWWK MURANGA DICE","7","muranga",
"208","MURANGA ","21","KIHARU ","106","TOWNSHIP ","525","HWWK MURANGA DICE","7","muranga",
"209","MURANGA ","21","KIHARU ","106","WANGU ","522","HWWK MURANGA DICE","7","muranga",
"210","MURANGA ","21","MARAGWA ","108","ICHAGAKI ","537","HWWK MURANGA DICE","7","muranga",
"211","MURANGA ","21","MARAGWA ","108","KAMAHUHA ","536","HWWK MURANGA DICE","7","muranga",
"212","MURANGA ","21","MARAGWA ","108","KAMBITI ","535","HWWK MURANGA DICE","7","muranga",
"213","MURANGA ","21","MARAGWA ","108","KIMORORI/WEMPA ","533","HWWK MURANGA DICE","7","muranga",
"214","MURANGA ","21","MARAGWA ","108","MAKUYU ","534","HWWK MURANGA DICE","7","muranga",
"215","MURANGA ","21","MARAGWA ","108","NGINDA ","538","HWWK MURANGA DICE","7","muranga",
"216","MURANGA ","21","MATHIOYA ","105","GITUGI ","519","HWWK MURANGA DICE","7","muranga",
"217","MURANGA ","21","MATHIOYA ","105","KAMACHARIA ","521","HWWK MURANGA DICE","7","muranga",
"218","MURANGA ","21","MATHIOYA ","105","KIRU ","520","HWWK MURANGA DICE","7","muranga",
"219","KIRINYAGA ","20","KIRINYAGA EAST","101","BARAGWI ","505","HWWK MWEA DICE","8","mwea","254799870908"
"220","KIRINYAGA ","20","KIRINYAGA EAST","101","KABARE ","504","HWWK MWEA DICE","8","mwea","254799870908"
"221","KIRINYAGA ","20","KIRINYAGA EAST","101","KARUMANDI ","508","HWWK MWEA DICE","8","mwea","254799870908"
"222","KIRINYAGA ","20","KIRINYAGA EAST","101","NGARIAMA ","507","HWWK MWEA DICE","8","mwea","254799870908"
"223","KIRINYAGA ","20","KIRINYAGA EAST","101","NJUKIINI ","506","HWWK MWEA DICE","8","mwea","254799870908"
"224","KIRINYAGA ","20","KIRINYAGA CENTRAL ","103","INOI ","515","HWWK MWEA DICE","8","mwea","254799870908"
"225","KIRINYAGA ","20","KIRINYAGA CENTRAL ","103","KANYEKINI ","513","HWWK MWEA DICE","8","mwea","254799870908"
"226","KIRINYAGA ","20","KIRINYAGA CENTRAL ","103","KERUGOYA ","514","HWWK MWEA DICE","8","mwea","254799870908"
"227","KIRINYAGA ","20","KIRINYAGA CENTRAL ","103","MUTIRA ","512","HWWK MWEA DICE","8","mwea","254799870908"
"228","KIRINYAGA ","20","KIRINYAGA SOUTH","100","GATHIGIRIRI ","502","HWWK MWEA DICE","8","mwea","254799870908"
"229","KIRINYAGA ","20","KIRINYAGA NORTH","100","KANGAI ","497","HWWK MWEA DICE","8","mwea","254799870908"
"230","KIRINYAGA ","20","KIRINYAGA SOUTH","100","MURINDUKO ","501","HWWK MWEA DICE","8","mwea","254799870908"
"231","KIRINYAGA ","20","KIRINYAGA NORTH","100","MUTITHI ","496","HWWK MWEA DICE","8","mwea","254799870908"
"232","KIRINYAGA ","20","KIRINYAGA SOUTH","100","NYANGATI ","500","HWWK MWEA DICE","8","mwea","254799870908"
"233","KIRINYAGA ","20","KIRINYAGA SOUTH","100","TEBERE ","503","HWWK MWEA DICE","8","mwea","254799870908"
"234","KIRINYAGA ","20","KIRINYAGA NORTH","100","THIBA ","498","HWWK MWEA DICE","8","mwea","254799870908"
"235","KIRINYAGA ","20","KIRINYAGA NORTH","100","WAMUMU ","499","HWWK MWEA DICE","8","mwea","254799870908"
"236","KIRINYAGA ","20","KIRINYAGA WEST","102","KARITI ","511","HWWK MWEA DICE","8","mwea","254799870908"
"237","KIRINYAGA ","20","KIRINYAGA WEST","102","KIINE ","510","HWWK MWEA DICE","8","mwea","254799870908"
"238","KIRINYAGA ","20","KIRINYAGA WEST","102","MUKURE ","509","HWWK MWEA DICE","8","mwea","254799870908"
"239","NAKURU ","32","NAIVASHA ","168","BIASHARA ","836","HWWK NAKURU WELLNESS CENTER","9","nakuru","254740383074"
"240","NAKURU ","32","NAIVASHA ","168","HELLS GATE ","837","HWWK NAKURU WELLNESS CENTER","9","nakuru","254740383074"
"241","NAKURU ","32","NAIVASHA ","168","LAKE VIEW ","838","HWWK NAKURU WELLNESS CENTER","9","nakuru","254740383074"
"242","NAKURU ","32","NAIVASHA ","168","MAI MAHIU ","839","HWWK NAKURU WELLNESS CENTER","9","nakuru","254740383074"
"243","NAKURU ","32","NAIVASHA ","168","MAIELLA ","840","HWWK NAKURU WELLNESS CENTER","9","nakuru","254740383074"
"244","NAKURU ","32","NAIVASHA ","168","NAIVASHA EAST ","842","HWWK NAKURU WELLNESS CENTER","9","nakuru","254740383074"
"245","NAKURU ","32","NAIVASHA ","168","OLKARIA ","841","HWWK NAKURU WELLNESS CENTER","9","nakuru","254740383074"
"246","NAKURU ","32","NAIVASHA ","168","VIWANDANI ","843","HWWK NAKURU WELLNESS CENTER","9","nakuru","254740383074"
"247","NAKURU ","32","NAKURU TOWN EAST ","176","BIASHARA ","876","HWWK NAKURU WELLNESS CENTER","9","nakuru","254740383074"
"248","NAKURU ","32","NAKURU TOWN EAST ","176","FLAMINGO ","878","HWWK NAKURU WELLNESS CENTER","9","nakuru","254740383074"
"249","NAKURU ","32","NAKURU TOWN EAST ","176","KIVUMBINI ","877","HWWK NAKURU WELLNESS CENTER","9","nakuru","254740383074"
"250","NAKURU ","32","NAKURU TOWN EAST ","176","MENENGAI ","879","HWWK NAKURU WELLNESS CENTER","9","nakuru","254740383074"
"251","NAKURU ","32","NAKURU TOWN EAST ","176","NAKURU EAST ","880","HWWK NAKURU WELLNESS CENTER","9","nakuru","254740383074"
"252","NAKURU ","32","NAKURU TOWN WEST ","175","BARUT ","870","HWWK NAKURU WELLNESS CENTER","9","nakuru","254740383074"
"253","NAKURU ","32","NAKURU TOWN WEST ","175","KAPKURES ","873","HWWK NAKURU WELLNESS CENTER","9","nakuru","254740383074"
"254","NAKURU ","32","NAKURU TOWN WEST ","175","KAPTEMBWO ","872","HWWK NAKURU WELLNESS CENTER","9","nakuru","254740383074"
"255","NAKURU ","32","NAKURU TOWN EAST ","176","LONDON ","871","HWWK NAKURU WELLNESS CENTER","9","nakuru","254740383074"
"256","NAKURU ","32","NAKURU TOWN WEST ","175","RHODA ","874","HWWK NAKURU WELLNESS CENTER","9","nakuru","254740383074"
"257","NAKURU ","32","NAKURU TOWN WEST ","175","SHAABAB ","875","HWWK NAKURU WELLNESS CENTER","9","nakuru","254740383074"
"258","NAKURU ","32","NAIVASHA ","168","BIASHARA ","836","NSA MAAI MAHIU WELLNESS CENTRE","18","maai_mahiu",
"259","NAKURU ","32","NAIVASHA ","168","HELLS GATE ","837","NSA MAAI MAHIU WELLNESS CENTRE","19","maai_mahiu",
"260","NAKURU ","32","NAIVASHA ","168","LAKE VIEW ","838","NSA MAAI MAHIU WELLNESS CENTRE","20","maai_mahiu",
"261","NAKURU ","32","NAIVASHA ","168","MAI MAHIU ","839","NSA MAAI MAHIU WELLNESS CENTRE","21","maai_mahiu",
"262","NAKURU ","32","NAIVASHA ","168","MAIELLA ","840","NSA MAAI MAHIU WELLNESS CENTRE","22","maai_mahiu",
"263","NAKURU ","32","NAIVASHA ","168","NAIVASHA EAST ","842","NSA MAAI MAHIU WELLNESS CENTRE","23","maai_mahiu",
"264","NAKURU ","32","NAIVASHA ","168","OLKARIA ","841","NSA MAAI MAHIU WELLNESS CENTRE","24","maai_mahiu",
"265","NAKURU ","32","NAIVASHA ","168","VIWANDANI ","843","NSA MAAI MAHIU WELLNESS CENTRE","25","maai_mahiu",
"266","NAKURU ","32","NAKURU TOWN EAST ","176","BIASHARA ","876","NSA MAAI MAHIU WELLNESS CENTRE","26","maai_mahiu",
"267","NAKURU ","32","NAKURU TOWN EAST ","176","FLAMINGO ","878","NSA MAAI MAHIU WELLNESS CENTRE","27","maai_mahiu",
"268","NAKURU ","32","NAKURU TOWN EAST ","176","KIVUMBINI ","877","NSA MAAI MAHIU WELLNESS CENTRE","28","maai_mahiu",
"269","NAKURU ","32","NAKURU TOWN EAST ","176","MENENGAI ","879","NSA MAAI MAHIU WELLNESS CENTRE","29","maai_mahiu",
"270","NAKURU ","32","NAKURU TOWN EAST ","176","NAKURU EAST ","880","NSA MAAI MAHIU WELLNESS CENTRE","30","maai_mahiu",
"271","NAKURU ","32","NAKURU TOWN WEST ","175","BARUT ","870","NSA MAAI MAHIU WELLNESS CENTRE","31","maai_mahiu",
"272","NAKURU ","32","NAKURU TOWN WEST ","175","KAPKURES ","873","NSA MAAI MAHIU WELLNESS CENTRE","32","maai_mahiu",
"273","NAKURU ","32","NAKURU TOWN WEST ","175","KAPTEMBWO ","872","NSA MAAI MAHIU WELLNESS CENTRE","33","maai_mahiu",
"274","NAKURU ","32","NAKURU TOWN EAST ","176","LONDON ","871","NSA MAAI MAHIU WELLNESS CENTRE","34","maai_mahiu",
"275","NAKURU ","32","NAKURU TOWN WEST ","175","RHODA ","874","NSA MAAI MAHIU WELLNESS CENTRE","35","maai_mahiu",
"276","NAKURU ","32","NAKURU TOWN WEST ","175","SHAABAB ","875","NSA MAAI MAHIU WELLNESS CENTRE","36","maai_mahiu",
"277","NYERI ","19","KIENI ","95","GAKAWA ","476","HWWK NYERI DICE","10","nyeri","254799870910"
"278","NYERI ","19","KIENI ","95","GATARAKWA ","473","HWWK NYERI DICE","10","nyeri","254799870910"
"279","NYERI ","19","KIENI ","95","KABARU ","475","HWWK NYERI DICE","10","nyeri","254799870910"
"280","NYERI ","19","KIENI ","95","MUGUNDA ","472","HWWK NYERI DICE","10","nyeri","254799870910"
"281","NYERI ","19","KIENI ","95","MWEIGA ","469","HWWK NYERI DICE","10","nyeri","254799870910"
"282","NYERI ","19","KIENI ","95","MWIYOGO/ENDARASHA ","471","HWWK NYERI DICE","10","nyeri","254799870910"
"283","NYERI ","19","KIENI ","95","NAROMORU KIAMATHAGA ","470","HWWK NYERI DICE","10","nyeri","254799870910"
"284","NYERI ","19","KIENI ","95","THEGU RIVER ","474","HWWK NYERI DICE","10","nyeri","254799870910"
"285","NYERI ","19","MATHIRA ","96","IRIAINI ","479","HWWK NYERI DICE","10","nyeri","254799870910"
"286","NYERI ","19","MATHIRA ","96","KARATINA TOWN ","482","HWWK NYERI DICE","10","nyeri","254799870910"
"287","NYERI ","19","MATHIRA ","96","KIRIMUKUYU ","481","HWWK NYERI DICE","10","nyeri","254799870910"
"288","NYERI ","19","MATHIRA ","96","KONYU ","480","HWWK NYERI DICE","10","nyeri","254799870910"
"289","NYERI ","19","MATHIRA ","96","MAGUTU ","478","HWWK NYERI DICE","10","nyeri","254799870910"
"290","NYERI ","19","MATHIRA ","96","RUGURU ","477","HWWK NYERI DICE","10","nyeri","254799870910"
"291","NYERI ","19","MUKURWEINI ","98","GIKONDI ","487","HWWK NYERI DICE","10","nyeri","254799870910"
"292","NYERI ","19","MUKURWEINI ","98","MUKURWE-INI CENTRAL ","490","HWWK NYERI DICE","10","nyeri","254799870910"
"293","NYERI ","19","MUKURWEINI ","98","MUKURWE-INI WEST ","489","HWWK NYERI DICE","10","nyeri","254799870910"
"294","NYERI ","19","MUKURWEINI ","98","RUGI ","488","HWWK NYERI DICE","10","nyeri","254799870910"
"295","NYERI ","19","NYERI TOWN ","99","GATITU/MURUGURU ","493","HWWK NYERI DICE","10","nyeri","254799870910"
"296","NYERI ","19","NYERI TOWN ","99","KAMAKWA/MUKARO ","495","HWWK NYERI DICE","10","nyeri","254799870910"
"297","NYERI ","19","NYERI TOWN ","99","KIGANJO/MATHARI ","491","HWWK NYERI DICE","10","nyeri","254799870910"
"298","NYERI ","19","NYERI TOWN ","99","RURING'U ","494","HWWK NYERI DICE","10","nyeri","254799870910"
"299","NYERI ","19","NYERI TOWN ","99","RWARE ","492","HWWK NYERI DICE","10","nyeri","254799870910"
"300","NYERI ","19","OTHAYA ","97","CHINGA ","485","HWWK NYERI DICE","10","nyeri","254799870910"
"301","NYERI ","19","OTHAYA ","97","IRIA-INI ","484","HWWK NYERI DICE","10","nyeri","254799870910"
"302","NYERI ","19","OTHAYA ","97","KARIMA ","486","HWWK NYERI DICE","10","nyeri","254799870910"
"303","NYERI ","19","OTHAYA ","97","MAHIGA ","483","HWWK NYERI DICE","10","nyeri","254799870910"
"304","NYERI ","19","TETU ","94","AGUTHI-GAAKI ","468","HWWK NYERI DICE","10","nyeri","254799870910"
"305","NYERI ","19","TETU ","94","DEDAN KIMANTHI ","466","HWWK NYERI DICE","10","nyeri","254799870910"
"306","NYERI ","19","TETU ","94","WAMAGANA ","467","HWWK NYERI DICE","10","nyeri","254799870910"
"307","UASIN GISHU ","27","KAPSERET ","145","KIPKENYO ","723","HWWK ELDORET DICE","11","eldoret",
"308","UASIN GISHU ","27","KAPSERET ","145","LANGAS ","726","HWWK ELDORET DICE","11","eldoret",
"309","UASIN GISHU ","27","KAPSERET ","145","MEGUN ","725","HWWK ELDORET DICE","11","eldoret",
"310","UASIN GISHU ","27","KAPSERET ","145","NGERIA ","724","HWWK ELDORET DICE","11","eldoret",
"311","UASIN GISHU ","27","KAPSERET ","145","SIMAT/KAPSERET ","722","HWWK ELDORET DICE","11","eldoret",
"312","UASIN GISHU ","27","KESSES ","146","CHEPTIRET/KIPCHAMO ","728","HWWK ELDORET DICE","11","eldoret",
"313","UASIN GISHU ","27","KESSES ","146","RACECOURSE ","727","HWWK ELDORET DICE","11","eldoret",
"314","UASIN GISHU ","27","KESSES ","146","TARAKWA ","730","HWWK ELDORET DICE","11","eldoret",
"315","UASIN GISHU ","27","KESSES ","146","TULWET/CHUIYAT ","729","HWWK ELDORET DICE","11","eldoret",
"316","UASIN GISHU ","27","MOIBEN ","143","KARUNA/MEIBEKI ","716","HWWK ELDORET DICE","11","eldoret",
"317","UASIN GISHU ","27","MOIBEN ","143","KIMUMU ","718","HWWK ELDORET DICE","11","eldoret",
"318","UASIN GISHU ","27","MOIBEN ","143","MOIBEN ","717","HWWK ELDORET DICE","11","eldoret",
"319","UASIN GISHU ","27","MOIBEN ","143","SERGOIT ","715","HWWK ELDORET DICE","11","eldoret",
"320","UASIN GISHU ","27","MOIBEN ","143","TEMBELIO ","714","HWWK ELDORET DICE","11","eldoret",
"321","UASIN GISHU ","27","SOY ","141","KAPKURES ","702","HWWK ELDORET DICE","11","eldoret",
"322","UASIN GISHU ","27","SOY ","141","KIPSOMBA ","705","HWWK ELDORET DICE","11","eldoret",
"323","UASIN GISHU ","27","SOY ","141","KUINET/KAPSUSWA ","707","HWWK ELDORET DICE","11","eldoret",
"324","UASIN GISHU ","27","SOY ","141","MOI'S BRIDGE ","701","HWWK ELDORET DICE","11","eldoret",
"325","UASIN GISHU ","27","SOY ","141","SEGERO/BARSOMBE ","704","HWWK ELDORET DICE","11","eldoret",
"326","UASIN GISHU ","27","SOY ","141","SOY ","706","HWWK ELDORET DICE","11","eldoret",
"327","UASIN GISHU ","27","SOY ","141","ZIWA ","703","HWWK ELDORET DICE","11","eldoret",
"328","UASIN GISHU ","27","TURBO ","142","HURUMA ","713","HWWK ELDORET DICE","11","eldoret",
"329","UASIN GISHU ","27","TURBO ","142","KAMAGUT ","710","HWWK ELDORET DICE","11","eldoret",
"330","UASIN GISHU ","27","TURBO ","142","KAPSAOS ","712","HWWK ELDORET DICE","11","eldoret",
"331","UASIN GISHU ","27","TURBO ","142","KIPLOMBE ","711","HWWK ELDORET DICE","11","eldoret",
"332","UASIN GISHU ","27","TURBO ","142","NGENYILEL ","708","HWWK ELDORET DICE","11","eldoret",
"333","UASIN GISHU ","27","TURBO ","142","TAPSAGOI ","709","HWWK ELDORET DICE","11","eldoret",
"334","UASIN GISHU ","27","AINABKOI ","144","AINABKOI/OLARE ","721","NSA BURNTFOREST WELLNESS CENTRE","12","burnt_forest",
"335","UASIN GISHU ","27","AINABKOI ","144","KAPSOYA ","719","NSA BURNTFOREST WELLNESS CENTRE","12","burnt_forest",
"336","UASIN GISHU ","27","AINABKOI ","144","KAPTAGAT ","720","NSA BURNTFOREST WELLNESS CENTRE","12","burnt_forest",
"337","MAKUENI ","17","KAITI ","85","ILIMA ","423","NSA EMALI WELLNESS CENTRE","13","emali",
"338","MAKUENI ","17","KAITI ","85","KEE ","421","NSA EMALI WELLNESS CENTRE","13","emali",
"339","MAKUENI ","17","KAITI ","85","KILUNGU ","422","NSA EMALI WELLNESS CENTRE","13","emali",
"340","MAKUENI ","17","KAITI ","85","UKIA ","420","NSA EMALI WELLNESS CENTRE","13","emali",
"341","MAKUENI ","17","KIBWEZI EAST ","88","IVINGONI/NZAMBANI ","440","NSA EMALI WELLNESS CENTRE","13","emali",
"342","MAKUENI ","17","KIBWEZI EAST ","88","MASONGALENI ","437","NSA EMALI WELLNESS CENTRE","13","emali",
"343","MAKUENI ","17","KIBWEZI EAST ","88","MTITO ANDEI ","438","NSA EMALI WELLNESS CENTRE","13","emali",
"344","MAKUENI ","17","KIBWEZI EAST ","88","THANGE ","439","NSA EMALI WELLNESS CENTRE","13","emali",
"345","MAKUENI ","17","KIBWEZI WEST ","87","EMALI/MULALA ","436","NSA EMALI WELLNESS CENTRE","13","emali",
"346","MAKUENI ","17","KIBWEZI WEST ","87","KIKUMBULYU NORTH ","433","NSA EMALI WELLNESS CENTRE","13","emali",
"347","MAKUENI ","17","KIBWEZI WEST ","87","KIKUMBULYU SOUTH ","434","NSA EMALI WELLNESS CENTRE","13","emali",
"348","MAKUENI ","17","KIBWEZI WEST ","87","MAKINDU ","431","NSA EMALI WELLNESS CENTRE","13","emali",
"349","MAKUENI ","17","KIBWEZI WEST ","87","NGUU/MASUMBA ","435","NSA EMALI WELLNESS CENTRE","13","emali",
"350","MAKUENI ","17","KIBWEZI WEST ","87","NGUUMO ","432","NSA EMALI WELLNESS CENTRE","13","emali",
"351","MAKUENI ","17","KILOME ","84","KASIKEU ","417","NSA EMALI WELLNESS CENTRE","13","emali",
"352","MAKUENI ","17","KILOME ","84","KIIMA KIU/KALANZONI ","419","NSA EMALI WELLNESS CENTRE","13","emali",
"353","MAKUENI ","17","KILOME ","84","MUKAA ","418","NSA EMALI WELLNESS CENTRE","13","emali",
"354","MAKUENI ","17","MAKUENI ","86","KATHONZWENI ","428","NSA EMALI WELLNESS CENTRE","13","emali",
"355","MAKUENI ","17","MAKUENI ","86","KITISE/KITHUKI ","427","NSA EMALI WELLNESS CENTRE","13","emali",
"356","MAKUENI ","17","MAKUENI ","86","MAVINDINI ","426","NSA EMALI WELLNESS CENTRE","13","emali",
"357","MAKUENI ","17","MAKUENI ","86","MBITINI ","430","NSA EMALI WELLNESS CENTRE","13","emali",
"358","MAKUENI ","17","MAKUENI ","86","MUVAU/KIKUUMINI ","425","NSA EMALI WELLNESS CENTRE","13","emali",
"359","MAKUENI ","17","MAKUENI ","86","NZAUI/KILILI/KALAMBA ","429","NSA EMALI WELLNESS CENTRE","13","emali",
"360","MAKUENI ","17","MAKUENI ","86","WOTE ","424","NSA EMALI WELLNESS CENTRE","13","emali",
"361","MAKUENI ","17","MBOONI ","83","KALAWA ","416","NSA EMALI WELLNESS CENTRE","13","emali",
"362","MAKUENI ","17","MBOONI ","83","KITETA/KISAU ","414","NSA EMALI WELLNESS CENTRE","13","emali",
"363","MAKUENI ","17","MBOONI ","83","KITHUNGO/KITUNDU ","413","NSA EMALI WELLNESS CENTRE","13","emali",
"364","MAKUENI ","17","MBOONI ","83","MBOONI ","412","NSA EMALI WELLNESS CENTRE","13","emali",
"365","MAKUENI ","17","MBOONI ","83","TULIMANI ","411","NSA EMALI WELLNESS CENTRE","13","emali",
"366","MAKUENI ","17","MBOONI ","83","WAIA-KAKO ","415","NSA EMALI WELLNESS CENTRE","13","emali",
"367","MOMBASA ","1","JOMVU ","2","JOMVU KUU ","6","NSA JOMVU WELLNESS CENTRE","14","jomvu",
"368","MOMBASA ","1","JOMVU ","2","MIKINDANI ","8","NSA JOMVU WELLNESS CENTRE","14","jomvu",
"369","MOMBASA ","1","JOMVU ","2","MIRITINI ","7","NSA JOMVU WELLNESS CENTRE","14","jomvu",
"370","MOMBASA ","1","CHANGAMWE ","1","AIRPORT ","3","NSA KIPEVU WELLNESS CENTRE","14","kipevu",
"371","MOMBASA ","1","CHANGAMWE ","1","CHAANI ","5","NSA KIPEVU WELLNESS CENTRE","14","kipevu",
"372","MOMBASA ","1","CHANGAMWE ","1","CHANGAMWE ","4","NSA KIPEVU WELLNESS CENTRE","14","kipevu",
"373","MOMBASA ","1","CHANGAMWE ","1","KIPEVU ","2","NSA KIPEVU WELLNESS CENTRE","14","kipevu",
"374","MOMBASA ","1","CHANGAMWE ","1","PORT REITZ ","1","NSA KIPEVU WELLNESS CENTRE","14","kipevu",
"375","KAJIADO ","34","KAJIADO CENTRAL ","184","DALALEKUTUK ","918","NSA NAMANGA WELLNESS CENTRE","16","namanga",
"376","KAJIADO ","34","KAJIADO CENTRAL ","184","ILDAMAT ","917","NSA NAMANGA WELLNESS CENTRE","16","namanga",
"377","KAJIADO ","34","KAJIADO CENTRAL ","184","MATAPATO NORTH ","919","NSA NAMANGA WELLNESS CENTRE","16","namanga",
"378","KAJIADO ","34","KAJIADO CENTRAL ","184","MATAPATO SOUTH ","920","NSA NAMANGA WELLNESS CENTRE","16","namanga",
"379","KAJIADO ","34","KAJIADO CENTRAL ","184","PURKO ","916","NSA NAMANGA WELLNESS CENTRE","16","namanga",
"380","KAJIADO ","34","KAJIADO EAST ","185","IMARORO ","925","NSA NAMANGA WELLNESS CENTRE","16","namanga",
"381","KAJIADO ","34","KAJIADO EAST ","185","KAPUTIEI NORTH ","921","NSA NAMANGA WELLNESS CENTRE","16","namanga",
"382","KAJIADO ","34","KAJIADO EAST ","185","KENYAWA-POKA ","924","NSA NAMANGA WELLNESS CENTRE","16","namanga",
"383","KAJIADO ","34","KAJIADO EAST ","185","KITENGELA ","922","NSA NAMANGA WELLNESS CENTRE","16","namanga",
"384","KAJIADO ","34","KAJIADO EAST ","185","KITENGELA ","922","HWWK KITENGELA WELLNESS CENTRE","20","kitengela",
"385","MACHAKOS","16","MAVOKO","80","ATHI RIVER","394","HWWK KITENGELA WELLNESS CENTRE","20","kitengela",
"386","KAJIADO ","34","KAJIADO EAST ","185","OLOOSIRKON/SHOLINKE ","923","NSA NAMANGA WELLNESS CENTRE","16","namanga",
"387","KAJIADO ","34","KAJIADO NORTH ","183","NGONG ","915","NSA NAMANGA WELLNESS CENTRE","16","namanga",
"388","KAJIADO ","34","KAJIADO NORTH ","183","NKAIMURUNYA ","913","NSA NAMANGA WELLNESS CENTRE","16","namanga",
"389","KAJIADO ","34","KAJIADO NORTH ","183","OLKERI ","911","NSA NAMANGA WELLNESS CENTRE","16","namanga",
"390","KAJIADO ","34","KAJIADO NORTH ","183","OLOOLUA ","914","NSA NAMANGA WELLNESS CENTRE","16","namanga",
"391","KAJIADO ","34","KAJIADO NORTH ","183","ONGATA RONGAI ","912","NSA NAMANGA WELLNESS CENTRE","16","namanga",
"392","KAJIADO ","34","KAJIADO SOUTH ","187","ENTONET/LENKISIM ","931","NSA NAMANGA WELLNESS CENTRE","16","namanga",
"393","KAJIADO ","34","KAJIADO SOUTH ","187","KIMANA ","935","NSA NAMANGA WELLNESS CENTRE","16","namanga",
"394","KAJIADO ","34","KAJIADO SOUTH ","187","KUKU ","933","NSA NAMANGA WELLNESS CENTRE","16","namanga",
"395","KAJIADO ","34","KAJIADO SOUTH ","187","MBIRIKANI/ESELENKEI ","932","NSA NAMANGA WELLNESS CENTRE","16","namanga",
"396","KAJIADO ","34","KAJIADO SOUTH ","187","ROMBO ","934","NSA NAMANGA WELLNESS CENTRE","16","namanga",
"397","KAJIADO ","34","KAJIADO WEST ","186","EWUASO OoNKIDONG'I ","929","NSA NAMANGA WELLNESS CENTRE","16","namanga",
"398","KAJIADO ","34","KAJIADO WEST ","186","ILOODOKILANI ","927","NSA NAMANGA WELLNESS CENTRE","16","namanga",
"399","KAJIADO ","34","KAJIADO WEST ","186","KEEKONYOKIE ","926","NSA NAMANGA WELLNESS CENTRE","16","namanga",
"400","KAJIADO ","34","KAJIADO WEST ","186","MAGADI ","928","NSA NAMANGA WELLNESS CENTRE","16","namanga",
"401","KAJIADO ","34","KAJIADO WEST ","186","MOSIRO ","930","NSA NAMANGA WELLNESS CENTRE","16","namanga",
"402","NAKURU ","32","BAHATI ","174","BAHATI ","869","NSA SALGAA WELLNESS CENTRE","17","salgaa",
"403","NAKURU ","32","BAHATI ","174","DUNDORI ","865","NSA SALGAA WELLNESS CENTRE","17","salgaa",
"404","NAKURU ","32","BAHATI ","174","KABATINI ","866","NSA SALGAA WELLNESS CENTRE","17","salgaa",
"405","NAKURU ","32","BAHATI ","174","KIAMAINA ","867","NSA SALGAA WELLNESS CENTRE","17","salgaa",
"406","NAKURU ","32","BAHATI ","174","LANET/UMOJA ","868","NSA SALGAA WELLNESS CENTRE","17","salgaa",
"407","NAKURU ","32","KURESOI NORTH ","171","KAMARA ","856","NSA SALGAA WELLNESS CENTRE","17","salgaa",
"408","NAKURU ","32","KURESOI NORTH ","171","KIPTORORO ","853","NSA SALGAA WELLNESS CENTRE","17","salgaa",
"409","NAKURU ","32","KURESOI NORTH ","171","NYOTA ","854","NSA SALGAA WELLNESS CENTRE","17","salgaa",
"410","NAKURU ","32","KURESOI NORTH ","171","SIRIKWA ","855","NSA SALGAA WELLNESS CENTRE","17","salgaa",
"411","NAKURU ","32","KURESOI SOUTH ","170","AMALO ","849","NSA SALGAA WELLNESS CENTRE","17","salgaa",
"412","NAKURU ","32","KURESOI SOUTH ","170","KERINGET ","850","NSA SALGAA WELLNESS CENTRE","17","salgaa",
"413","NAKURU ","32","KURESOI SOUTH ","170","KIPTAGICH ","851","NSA SALGAA WELLNESS CENTRE","17","salgaa",
"414","NAKURU ","32","KURESOI SOUTH ","170","TINET ","852","NSA SALGAA WELLNESS CENTRE","17","salgaa",
"415","NAKURU ","32","MOLO ","166","ELBURGON ","827","NSA SALGAA WELLNESS CENTRE","17","salgaa",
"416","NAKURU ","32","MOLO ","166","MARIASHONI ","826","NSA SALGAA WELLNESS CENTRE","17","salgaa",
"417","NAKURU ","32","MOLO ","166","MOLO ","829","NSA SALGAA WELLNESS CENTRE","17","salgaa",
"418","NAKURU ","32","MOLO ","166","TURI ","828","NSA SALGAA WELLNESS CENTRE","17","salgaa",
"419","NAKURU ","32","NJORO ","167","KIHINGO ","832","NSA SALGAA WELLNESS CENTRE","17","salgaa",
"420","NAKURU ","32","NJORO ","167","LARE ","834","NSA SALGAA WELLNESS CENTRE","17","salgaa",
"421","NAKURU ","32","NJORO ","167","MAU NAROK ","830","NSA SALGAA WELLNESS CENTRE","17","salgaa",
"422","NAKURU ","32","NJORO ","167","MAUCHE ","831","NSA SALGAA WELLNESS CENTRE","17","salgaa",
"423","NAKURU ","32","NJORO ","167","NESSUIT ","833","NSA SALGAA WELLNESS CENTRE","17","salgaa",
"424","NAKURU ","32","NJORO ","167","NJORO ","835","NSA SALGAA WELLNESS CENTRE","17","salgaa",
"425","NAKURU ","32","RONGAI ","173","MENENGAI WEST ","860","NSA SALGAA WELLNESS CENTRE","17","salgaa",
"426","NAKURU ","32","RONGAI ","173","MOSOP ","863","NSA SALGAA WELLNESS CENTRE","17","salgaa",
"427","NAKURU ","32","RONGAI ","173","SOIN ","861","NSA SALGAA WELLNESS CENTRE","17","salgaa",
"428","NAKURU ","32","RONGAI ","173","SOLAI ","864","NSA SALGAA WELLNESS CENTRE","17","salgaa",
"429","NAKURU ","32","RONGAI ","173","VISOI ","862","NSA SALGAA WELLNESS CENTRE","17","salgaa",
"430","NAKURU ","32","SUBUKIA ","172","KABAZI ","859","NSA SALGAA WELLNESS CENTRE","17","salgaa",
"431","NAKURU ","32","SUBUKIA ","172","SUBUKIA ","857","NSA SALGAA WELLNESS CENTRE","17","salgaa",
"432","NAKURU ","32","SUBUKIA ","172","WASEGES ","858","NSA SALGAA WELLNESS CENTRE","17","salgaa",
"433","DUMMY","482","MANYATTA ","6300","GATURI SOUTH ","31600","HWWK DUMMY DICE","482","dummy",
"434","DUMMY","482","MANYATTA ","6300","KIRIMARI ","31500","HWWK DUMMY DICE","482","dummy",
"435","DUMMY","482","MANYATTA ","6300","KITHIMU ","31400","HWWK DUMMY DICE","482","dummy",
"436","DUMMY","482","MANYATTA ","6300","MBETI NORTH ","31300","HWWK DUMMY DICE","482","dummy",
"437","DUMMY","482","MANYATTA ","6300","NGINDA ","31200","HWWK DUMMY DICE","482","dummy",
"438","DUMMY","482","MANYATTA ","6300","RUGURU/NGANDORI ","31100","HWWK DUMMY DICE","482","dummy",
"439","DUMMY","482","MBEERE NORTH ","6600","EVURORE ","31000","HWWK DUMMY DICE","482","dummy",
"440","DUMMY","482","MBEERE NORTH ","6600","MUMINJI ","30900","HWWK DUMMY DICE","482","dummy",
"441","DUMMY","482","MBEERE NORTH ","6600","NTHAWA ","30800","HWWK DUMMY DICE","482","dummy",
"442","DUMMY","482","MBEERE SOUTH ","6500","KIAMBERE ","30700","HWWK DUMMY DICE","482","dummy",
"443","DUMMY","482","MBEERE SOUTH ","6500","MAKIMA ","30600","HWWK DUMMY DICE","482","dummy",
"444","DUMMY","482","MBEERE SOUTH ","6500","MAVURIA ","30500","HWWK DUMMY DICE","482","dummy",
"445","DUMMY","482","MBEERE SOUTH ","6500","MBETI SOUTH ","30400","HWWK DUMMY DICE","482","dummy",
"446","DUMMY","482","MBEERE SOUTH ","6500","MWEA ","30300","HWWK DUMMY DICE","482","dummy",
"447","DUMMY","482","RUNYENJES ","6400","CENTRAL  WARD ","30200","HWWK DUMMY DICE","482","dummy",
"448","DUMMY","482","MANYATTA ","6300","GATURI NORTH ","30100","HWWK DUMMY DICE","482","dummy",
"449","DUMMY","482","RUNYENJES ","6400","KAGAARI NORTH ","30000","HWWK DUMMY DICE","482","dummy",
"450","DUMMY","482","RUNYENJES ","6400","KAGAARI SOUTH ","29900","HWWK DUMMY DICE","482","dummy",
"451","DUMMY","482","RUNYENJES ","6400","KYENI NORTH ","29800","HWWK DUMMY DICE","482","dummy",
"452","DUMMY","482","RUNYENJES ","6400","KYENI SOUTH ","29700","HWWK DUMMY DICE","482","dummy",
"453","KAJIADO ","34","KAJIADO EAST ","185","KITENGELA ","922","HWWK KITENGELA WELLNESS CENTRE","20","kitengela","254757324758"
"454","KAJIADO ","34","KAJIADO CENTRAL ","184","DALALEKUTUK ","918","HWWK KITENGELA WELLNESS CENTRE","20","kitengela","254757324758"
"455","KAJIADO ","34","KAJIADO CENTRAL ","184","ILDAMAT ","917","HWWK KITENGELA WELLNESS CENTRE","20","kitengela","254757324758"
"456","KAJIADO ","34","KAJIADO CENTRAL ","184","MATAPATO NORTH ","919","HWWK KITENGELA WELLNESS CENTRE","20","kitengela","254757324758"
"457","KAJIADO ","34","KAJIADO CENTRAL ","184","MATAPATO SOUTH ","920","HWWK KITENGELA WELLNESS CENTRE","20","kitengela","254757324758"
"458","KAJIADO ","34","KAJIADO CENTRAL ","184","PURKO ","916","HWWK KITENGELA WELLNESS CENTRE","20","kitengela","254757324758"
"459","KAJIADO ","34","KAJIADO EAST ","185","IMARORO ","925","HWWK KITENGELA WELLNESS CENTRE","20","kitengela","254757324758"
"460","KAJIADO ","34","KAJIADO EAST ","185","KAPUTIEI NORTH ","921","HWWK KITENGELA WELLNESS CENTRE","20","kitengela","254757324758"
"461","KAJIADO ","34","KAJIADO EAST ","185","KENYAWA-POKA ","924","HWWK KITENGELA WELLNESS CENTRE","20","kitengela","254757324758"
"462","KAJIADO ","34","KAJIADO EAST ","185","OLOOSIRKON/SHOLINKE ","923","HWWK KITENGELA WELLNESS CENTRE","20","kitengela","254757324758"
"463","KAJIADO ","34","KAJIADO NORTH ","183","NGONG ","915","HWWK KITENGELA WELLNESS CENTRE","20","kitengela","254757324758"
"464","KAJIADO ","34","KAJIADO NORTH ","183","NKAIMURUNYA ","913","HWWK KITENGELA WELLNESS CENTRE","20","kitengela","254757324758"
"465","KAJIADO ","34","KAJIADO NORTH ","183","OLKERI ","911","HWWK KITENGELA WELLNESS CENTRE","20","kitengela","254757324758"
"466","KAJIADO ","34","KAJIADO NORTH ","183","OLOOLUA ","914","HWWK KITENGELA WELLNESS CENTRE","20","kitengela","254757324758"
"467","KAJIADO ","34","KAJIADO NORTH ","183","ONGATA RONGAI ","912","HWWK KITENGELA WELLNESS CENTRE","20","kitengela","254757324758"
"468","KAJIADO ","34","KAJIADO SOUTH ","187","ENTONET/LENKISIM ","931","HWWK KITENGELA WELLNESS CENTRE","20","kitengela","254757324758"
"469","KAJIADO ","34","KAJIADO SOUTH ","187","KIMANA ","935","HWWK KITENGELA WELLNESS CENTRE","20","kitengela","254757324758"
"470","KAJIADO ","34","KAJIADO SOUTH ","187","KUKU ","933","HWWK KITENGELA WELLNESS CENTRE","20","kitengela","254757324758"
"471","KAJIADO ","34","KAJIADO SOUTH ","187","MBIRIKANI/ESELENKEI ","932","HWWK KITENGELA WELLNESS CENTRE","20","kitengela","254757324758"
"472","KAJIADO ","34","KAJIADO SOUTH ","187","ROMBO ","934","HWWK KITENGELA WELLNESS CENTRE","20","kitengela","254757324758"
"473","KAJIADO ","34","KAJIADO WEST ","186","EWUASO OoNKIDONG'I ","929","HWWK KITENGELA WELLNESS CENTRE","20","kitengela","254757324758"
"474","KAJIADO ","34","KAJIADO WEST ","186","ILOODOKILANI ","927","HWWK KITENGELA WELLNESS CENTRE","20","kitengela","254757324758"
"475","KAJIADO ","34","KAJIADO WEST ","186","KEEKONYOKIE ","926","HWWK KITENGELA WELLNESS CENTRE","20","kitengela","254757324758"
"476","KAJIADO ","34","KAJIADO WEST ","186","MAGADI ","928","HWWK KITENGELA WELLNESS CENTRE","20","kitengela","254757324758"
"477","KAJIADO ","34","KAJIADO WEST ","186","MOSIRO ","930","HWWK KITENGELA WELLNESS CENTRE","20","kitengela","254757324758"
